tconst,directorNconst,writerNconst
7405344,22979,17531
7601891,81341,26879
6177244,99597,35698
5599401,11336,78793
2362890,47548,83548
7365954,84335,10517
7045109,11964,36505
2573898,53175,15195
8912316,20977,86420
4176257,38867,23651
5004447,88975,52852
2847531,31143,53174
9169816,94331,95748
3791247,72822,69868
8598654,11957,95277
4470353,37523,31809
6470472,71071,42802
5330873,61127,77833
7023859,96879,76451
6894983,33747,16633
6349519,92558,91505
2682620,55671,18315
2274214,33534,38576
6922283,44194,45964
3605246,73724,18173
4248743,42802,71383
7334750,64990,78387
2153006,33693,84457
3196485,84725,99597
3231086,63035,81527
4140887,14741,14068
1708193,38065,99787
1090635,23825,63072
2511255,12584,85986
8299168,14787,50491
2663427,29677,27356
3491978,43268,10688
9804126,77539,31660
3132148,81483,65777
4217431,77655,81483
8718732,71012,27169
9635783,55166,79224
3969020,93951,55840
1637051,94796,68960
3207259,26288,32769
4469927,31517,98258
3893142,24515,69492
4314526,55166,96624
9375368,23651,70416
8927320,32045,58941
9104261,16633,96622
2854456,80204,85043
3230520,84041,35119
7105472,49626,70361
3880677,95703,29903
7885161,21177,60030
4676030,93951,50657
5080193,78354,35393
7650992,94331,49565
9466489,23199,58040
4207542,81341,94266
3626106,94638,92558
3052197,24726,51032
2929165,78440,36274
2992550,95075,67065
3588911,51745,31737
7035220,79443,45395
2566121,96624,96903
4401369,23838,21269
2099209,51542,91330
7982045,63539,61573
4605846,49285,37400
1284073,11262,68230
5694870,95652,62532
4207482,43350,89239
2038281,43391,34652
6201699,33647,56983
3491399,72523,63217
7935220,47173,75423
8023997,26414,11074
8647117,85019,64140
6566701,23651,40567
7947942,24780,23840
6134605,49003,95748
4426735,68172,95491
9150038,81073,36836
3724726,29228,60030
3109398,37262,79882
1117388,38760,49213
5435682,54570,33685
1198003,58737,55702
6254686,74487,27356
3314605,84461,83797
4482110,52341,45774
7443344,70514,10010
7088643,87167,94233
5988707,62129,45351
1483920,36708,83797
8226844,31245,97535
8463784,17918,91686
5250137,74607,57064
9787503,97899,14352
3293007,77207,98411
7147795,50412,80204
1425595,44102,83616
1849473,17067,31336
4851144,88631,64623
1538935,31517,62441
4715277,33693,44291
6866091,89629,97469
6783857,17531,58737
7530000,18720,95407
9730361,60310,69319
6760123,15195,62129
2594229,98891,54380
7633050,51061,98411
7658441,19724,38095
9827703,68675,40567
2239828,82907,63658
6129008,83243,61688
3436794,97922,59417
3110205,80283,44839
6308890,41380,15348
7202570,69613,12325
2351283,31487,50426
7624180,64286,35497
2027356,14686,54404
5697444,18652,69319
3896809,75598,74569
5646866,36274,11208
2742229,79629,80053
5168797,99958,18778
1343883,70630,44291
9892989,96994,19268
9473386,52606,40817
8350000,16182,54147
8688162,67021,53054
3518877,12584,23890
5284543,90200,12906
4343837,82972,74888
5514981,87770,40441
1300014,14706,36836
5428490,49626,21428
9890473,12572,25842
4671778,45223,61668
9348712,98516,77099
4289304,16475,20586
9489617,24322,48772
7680981,89723,63072
3215678,80204,89933
7772241,83616,91442
7980775,85601,73608
5213723,39006,40645
3701150,33747,47173
9016964,44194,52332
9558921,16698,11208
5620567,92761,49862
6214379,53981,14741
4646362,44291,67288
2920982,81316,24726
6609769,65963,26292
1097893,33693,26348
2963833,40697,91887
8621772,82907,27169
7208685,50951,83616
3691824,85338,98934
5146551,90177,64422
8803194,49036,83193
2107600,73895,50951
6778876,70630,18315
8567985,36771,23890
7413531,16562,26479
6964067,29449,81341
8169230,16792,68835
6817809,37111,92102
3524268,38021,88469
9768450,83642,28117
3163969,51745,79323
3649907,77099,12112
6359597,32801,20586
4157634,62389,25252
5392567,26414,43499
2375414,24601,78288
1907519,42243,16562
3889339,38261,18315
2743426,20547,76127
4176097,38576,94233
6970500,24601,16073
4049440,97103,18470
3537806,81527,26929
4647362,31346,96762
8152788,75598,24374
7010297,78440,24156
2334588,21399,83797
8146918,99958,63706
1441561,80053,40441
2512398,44186,10248
9379137,55923,96308
7248614,71568,95772
1211152,84335,54426
1794990,58737,24780
6765822,37400,93353
7330397,35577,52467
4192451,42214,79476
4356817,51127,16639
1449036,97899,31477
9417690,68847,46535
2870466,25570,29228
4702637,95652,28457
3814870,93551,31660
6407534,76127,88681
6902844,52965,29685
6005386,44388,55314
3187727,47099,24780
2646078,91505,40645
5559767,66588,29414
2588819,32481,78637
9702866,76447,96938
1802615,50092,12112
4098705,45774,91686
7197625,83575,63706
3983253,72475,44291
8553594,14787,97233
7655995,17126,27356
6585482,79629,20586
5544430,99972,85358
3728507,75997,81316
5025774,83332,75323
5267640,64226,45362
5391774,84725,31089
4650622,99156,24043
8111508,30008,14706
5615127,49285,56343
8359427,24043,33685
5209355,68230,18720
1396911,21859,48791
1431388,90466,21108
2676333,70153,33250
3303275,95944,32481
5340837,24043,94058
5035665,16161,24043
1600748,23825,99758
3818568,91686,57994
4886514,30950,55504
8429628,53740,34063
5089091,54460,37355
9066851,55702,28523
4893718,64438,59835
8411964,24780,49413
7206256,77833,83548
5863175,91590,77853
2895124,52852,55400
2991988,36627,49851
7954141,99019,84041
9089013,83577,42802
3620501,50961,50435
9757562,24444,48628
9443051,37535,46083
2438712,24552,25825
7868709,70514,84255
8068308,49626,38095
8863439,15634,16453
6037524,11292,39431
2979294,11693,72038
3407852,88935,71040
5536706,43805,49413
2152012,44102,30950
5674113,72475,50917
4253040,45906,22227
6418962,25855,35497
7466939,68591,69960
7102257,45026,68997
2921638,17606,82624
6777799,58283,60921
6355733,69960,54460
3007222,98869,25091
3958378,84335,24368
6451034,97233,74487
9319806,97922,55171
1887336,78999,39540
5693158,37355,64703
8469987,43945,52566
3781944,95075,43267
5021459,94266,11336
1107848,49413,85701
2676450,75423,50491
1611875,29530,99700
5915968,56590,51237
2204996,41380,29414
7627401,16049,72957
5475042,96903,95703
8816816,55457,83652
5532203,44102,52959
5305121,88831,29685
6824295,47548,90719
3815890,41748,43268
4611191,53981,24601
3054553,53853,96762
7379530,35577,52332
9322297,76447,32910
9463987,51237,90849
7214262,50966,44074
1331257,49046,95635
7404943,49626,33647
9347018,94111,21972
4406203,49664,80113
6255123,85338,83193
8673973,16639,59229
8172435,69407,85701
4667678,26929,75089
8632795,68172,16475
8312215,18173,71242
8097597,23838,83652
1806856,84041,71244
1982844,54820,31477
2735931,55468,20586
3939303,29314,86959
2703258,16633,13323
9792099,55788,91431
4988092,19471,91102
3903618,96792,67288
4192730,31372,24001
3011033,90719,96665
5865741,47131,12049
6491877,40402,89468
1805121,74338,32801
8934397,18520,34063
6103830,93951,23968
7931719,98135,27964
4684629,11579,94071
9710565,43499,28729
6659882,55923,31660
2479488,11074,69492
2998134,95748,70361
3781881,52999,94331
7394417,18520,84255
7746419,19023,57257
6696447,29757,71874
4843610,30604,53414
4790877,50041,87743
6854807,20159,11436
9507944,97874,36505
8177230,76127,44133
5541786,24265,71040
6060564,47099,92305
8407361,41850,63217
5142957,19268,51127
7919910,42642,21108
6930070,98135,85635
8469724,99124,83367
1580999,29228,11292
1541737,72316,90466
1898335,37400,60921
9756931,91713,68835
7645307,33681,69960
7511963,83243,91170
3613518,96334,36089
5420413,25579,72475
7430290,71874,64140
5546387,97900,39379
3046996,76127,31660
9397709,29903,40441
3423892,69960,97922
3536314,68172,96792
9763608,97874,72316
2166200,64824,58768
2839115,50617,85328
5250683,10517,60015
9980139,57257,86037
2850237,12854,98869
6602733,10042,71913
2984625,99118,29594
2918772,12061,75698
4224903,11693,38576
5708332,11579,90200
3904531,65798,27964
1849675,74569,25842
3546798,36836,51745
8676026,75323,91590
3266064,15729,75541
8489727,70584,76266
5059837,68997,99685
4600797,37111,89383
5895159,53414,55923
9723495,17126,11011
8042205,54404,58768
2119225,43988,36708
2881182,59112,88631
7334426,29594,67021
5106633,66514,75089
6752877,30390,16562
9157632,32481,25136
3984614,38737,78637
1182685,79224,91492
2203502,53174,17907
2798012,52362,70416
7691926,98074,87167
6754522,60030,62491
5161828,27356,43306
8776197,95772,19930
5566911,10042,97819
4073880,99560,71435
6634895,44291,56983
4432964,93081,48772
9862692,76127,70635
3390076,19867,99019
8256601,64140,73510
4384091,40402,44074
6338289,12061,72786
3917253,10622,23890
7027449,47677,48697
9649535,50412,51282
2542239,90177,96090
6369382,38994,76115
6216226,37523,29314
6805709,58456,24515
2561709,83652,51237
7811518,91442,43945
5705819,35119,70676
7425320,86037,28880
9657769,26324,54493
9142237,25842,21269
7807804,79637,43529
3223280,33647,79629
7525014,51945,78354
6078386,36627,35497
5973574,38760,15871
6037151,93951,49626
6476520,92639,38261
2624830,24340,34755
9853521,22137,75016
2862080,45362,28457
4251451,11964,42968
2818487,60112,99156
1848030,40199,66426
2691182,62260,31089
9493836,57515,84255
2107465,99758,82410
8102833,78999,96622
9679758,41850,95075
2440058,40697,99685
9402129,77853,33811
5235479,71171,38959
9826857,11957,26879
7557992,55457,78137
3973147,31477,98934
2489410,66588,76451
2062098,75854,69868
9275210,22185,60698
6695805,47131,62441
5881698,99156,58225
9315139,56983,31663
2882603,32769,94233
1966264,81919,94111
2883928,65719,12572
4527071,36505,98411
4577200,36771,70864
1035708,48628,81919
5532998,24374,64703
2458486,21533,26292
1855550,91766,11074
1405708,65198,14787
7515996,17907,88414
5990577,91170,40824
2943129,64441,66582
2781970,24340,83616
1382050,73724,26929
4157114,67928,91713
5268346,42214,51035
5130101,86037,90466
5945925,73805,37111
2176891,21269,46393
9054736,96762,88469
7429298,38021,26479
3671195,58040,44364
5069709,92305,22185
1363856,45309,67637
6146725,52467,64441
1295106,31517,83732
9305828,58225,45906
4697788,49003,79629
3877250,50491,65853
1725147,44074,74526
9907657,33681,36523
5485829,51237,73774
3778416,38867,26292
6502077,69613,72382
9520713,52852,21954
3040727,64888,78387
7374798,77539,20977
6321075,31737,27146
8014411,59417,55504
2672155,31663,12112
6453422,37211,73805
7910725,82410,25570
2596934,55947,55520
4430779,37400,80256
1154850,98037,70630
4871871,92831,13022
1311559,23893,42214
1256309,88786,23910
5906836,57515,42214
5732199,34970,95635
5917003,11336,20683
7497453,75698,74888
5937754,43267,61127
8801659,94071,83367
8574309,74626,71913
7531617,96277,86822
2523465,18520,41490
2974672,69492,64703
4583970,24156,46535
2814829,99856,92558
5103263,10622,79323
2793071,98934,31143
9478359,89321,74569
9052369,87743,16475
2927854,58976,28729
8514638,17137,31663
2876235,31517,38095
6672172,73994,85800
5214073,29594,33591
6791630,58120,94796
7434568,41004,11292
8452867,35119,20159
2543676,83325,23910
7679787,31844,77002
8384472,32080,66723
4254227,25136,82410
8016844,45026,81919
3545917,16355,57994
7407611,73934,80827
6820634,32446,52546
6831051,51459,44294
5764392,17907,29228
2064389,71085,15265
8192044,98135,99560
3916457,27169,86959
3164616,45906,23825
2842588,12854,75491
3864350,62541,85707
6284117,72957,37111
7648332,46476,98037
7831727,89321,37382
5612381,91170,57994
1336688,51945,38021
1875424,81073,50092
3897791,31720,12450
6410330,31245,57940
1161186,21972,54250
1916848,55457,61923
3664311,60112,48791
7060366,99972,44074
7912883,91139,54820
7053867,88552,73895
1683271,20282,38692
8026950,29314,64990
3781114,24726,55400
8600230,46393,72957
2352479,92778,45351
8501713,49103,74338
2970372,99685,30245
3304115,44294,44364
6124613,51282,17531
4301145,66963,46083
3937371,84461,95944
7923197,12061,49003
8311084,60921,70278
8773573,22185,10622
9485423,91505,90719
7551065,79476,77655
2130515,84319,31517
3227390,14391,32910
5561168,53613,99972
9111167,37211,29550
9844632,72316,51945
9668309,63035,15194
9740805,50617,70864
1715454,63658,96277
3769147,88975,99597
3533318,28729,84255
7737711,56659,72475
4024445,49046,95491
4188019,98095,85701
3476459,19686,46266
4122707,96879,97819
7352187,95748,65853
9323565,31771,45223
6620181,60698,48057
4862057,41850,74569
1414642,44186,18720
4395225,10054,33693
8953776,43805,83575
2969512,27281,56110
2278093,24265,20977
2743233,83642,73774
9795863,40199,67288
8226033,93081,47510
4753643,58737,62389
3216108,71913,15194
2764210,76266,99597
3294541,25579,65963
8251887,25356,11336
4680358,21108,16336
8634317,32481,83732
1268720,99173,32911
6993908,98037,76266
8909205,88346,96938
6043045,57064,33647
4229086,74607,61668
6311967,88831,49625
1948065,51542,40402
5728509,94363,86822
5492797,53613,57994
5176450,55671,15634
3908996,93951,30604
8542664,77207,57515
9672704,77207,34039
2499507,49122,24552
4958315,28880,91431
8741433,54974,96624
4341190,14132,37305
1848246,71435,33104
2861044,71251,43268
4998917,55702,43306
6832397,56672,35119
4661821,16049,23968
9291378,80256,33591
2809825,54250,28373
9711154,99597,84725
2006932,35119,16639
8959983,55947,54820
1554119,75423,87669
8380924,44604,30604
4584815,58768,89933
9244998,48336,98258
6264971,91766,99758
9700216,41118,33685
3190683,37532,24265
9904941,85328,17067
7848767,29314,51259
3100205,54250,19930
6055590,46266,24368
1757056,34652,68847
9970368,95639,60030
5099899,70609,74338
7392524,39672,33693
6845168,53709,85701
1423642,59417,13022
4036224,53414,47099
2076549,43268,36550
5782744,74888,59229
1112937,49003,77099
3618926,55011,23285
4660213,18520,96665
4301222,19302,25252
8465845,55788,22659
3318306,99597,21533
4260217,60698,45395
2703192,85060,30924
8652539,85328,51745
7920847,45310,83548
4462110,12112,55171
4088934,43682,39672
2424683,53174,49862
7041811,76449,96090
8623879,67637,95075
3077805,18315,42642
8478467,88631,23707
1783670,93551,31737
3838519,15194,66635
2620936,76449,18315
3098225,39672,72382
9840710,43499,24601
1088406,65777,57994
2698076,66729,36086
6508158,73510,12325
2788354,54380,71435
5021919,36089,55468
7432572,32635,74982
6480005,97899,44604
3473725,70676,21177
9009656,60779,17126
4097371,36550,10688
7563338,92305,87595
3671277,48336,37280
3849653,22659,67328
4367080,91492,68230
2487559,13323,22137
2277089,16308,93951
6135274,57325,85542
9279985,55671,11011
7359840,14741,73510
1746760,32797,43945
5654067,73805,89015
1042315,79457,44074
9319173,50435,81483
5669320,15729,20586
9077470,83367,68847
6443103,70045,70864
3318439,31346,33693
2678148,26479,64587
1858986,30390,75323
2733058,62441,43653
5747008,31663,52606
2214507,27281,30950
4611416,33283,36771
6251953,11693,64438
5982238,69492,30008
1021274,25570,43805
5794807,28373,28729
2592075,17606,53981
4473310,75323,61613
8713855,42968,57325
7856074,31477,88935
7488994,91139,35938
6863950,38867,88469
8369220,34652,39875
9357343,39672,48003
9128803,74675,25570
3766992,93951,35119
5142662,42802,48697
2089940,21428,87743
6892428,98516,90560
2119136,65719,27146
6114988,79629,99972
8228440,60315,91492
5960576,89304,85060
7320372,23838,30773
9186858,37280,82951
1568599,95652,98516
3825089,73774,19023
9745704,77617,36836
4942707,18270,22227
6808786,88608,75698
6017285,21972,38261
2333232,78288,40402
5950960,64226,31625
3733425,64888,53700
6595738,95652,53180
8842806,32045,63217
7262024,62260,45395
5890243,41838,41452
1310163,56659,77617
6915953,37111,86386
5620098,17005,97283
5127710,33250,44075
6594723,74675,20282
4539176,21269,42802
4275262,84457,57515
6897059,73233,75016
4570818,37800,88569
9697423,93039,44074
4839392,97819,92761
7187370,50092,55520
5842516,82676,23707
9188694,31660,15871
9126245,66514,57862
8858096,59112,37211
3090419,37355,92639
3409314,95944,95772
8361780,43391,83642
9693155,61127,24444
1261779,92305,75323
4817698,73934,41118
7134711,23825,75670
2769393,36627,49862
5773700,52965,85601
8186028,43988,98516
7807990,95407,95407
6419694,72957,71171
7555758,72382,31660
4400403,80113,32080
5150707,35119,53981
7778691,29177,29177
9350990,99156,46083
3561784,86525,80283
7228179,46535,51542
8949608,23285,49851
6442206,44133,20683
8071634,35938,87167
9561625,44553,22185
7328863,68847,12572
3387080,71251,29594
9903444,93710,16355
7988734,53180,91887
8571357,34039,66514
9735329,21954,80113
8941943,16355,10248
1398312,96879,41838
8636268,67637,49122
9888343,21269,75491
5912496,53700,80006
7470871,12112,61718
5716136,11208,25252
5458245,32910,69492
2674271,17126,43268
6230539,71085,42214
3094796,61688,43267
2480254,49851,10517
8034670,90849,61573
9407663,12906,19295
5828743,48697,53700
8202888,70132,74675
1483280,58737,68230
1952341,36523,24444
4833447,69492,43253
7778591,91422,47325
3057780,23840,15016
1552505,99685,26341
8038444,99958,98074
2374986,56590,97182
9274141,36702,64888
7620656,71874,72523
2956145,41118,56659
2901801,67282,85601
7432627,57994,74526
2907954,87770,77712
7488905,40891,40299
3237736,79443,45865
5063514,70630,58768
5817385,15479,60035
1035479,83652,97899
2827833,91422,59486
6235029,32797,73934
9476161,60315,81359
2291892,49285,65853
2314003,62541,17501
9661651,12572,48772
9195988,50657,82410
7784148,86037,57994
3028907,97039,38261
4484607,87595,49036
7806748,25091,48057
6460881,78354,50612
8933752,45223,96903
2684505,38261,99341
5729035,42214,49036
2385160,14741,85358
1065017,16049,88631
6851256,56343,68230
9749348,49213,69319
7946245,83797,10738
9035413,50491,31720
7748870,44553,91713
7259561,93551,96008
3073425,75089,45310
9484007,85701,63217
4975101,54820,56659
1013612,85601,77845
8456116,30924,53054
7160257,42968,46266
6038036,70676,99560
9429228,62793,85445
6684541,82972,88935
7302211,71746,15634
5258108,43653,85800
5085794,57515,40697
5550432,64888,17606
8659407,95748,84910
5156141,62532,86694
8674579,54147,59112
3642397,92102,51035
6156390,84910,43391
3201327,69868,83652
5628215,91686,16562
8783319,58941,71244
4757345,40011,95944
6252675,79720,49103
7941680,53857,15200
2611658,32801,70630
8925568,88346,14787
1001096,37111,83367
4538794,98516,38021
6688350,37400,83241
1991857,94363,18652
5162563,77670,77845
7427726,29904,23707
6468700,47887,70132
6569322,17501,31663
5986521,69613,68230
2825319,16355,15871
9734841,88028,25252
7976334,30245,39006
8673351,60315,52606
7724810,28729,84319
3728890,41748,52332
1157535,40441,91713
8547145,89468,76451
5066603,77712,71874
5688060,16336,52852
6125361,84335,85358
4051373,96903,17907
7784609,17501,31477
6567736,95748,69422
3891904,47445,50966
2212053,29677,36708
3307732,81527,70609
8477977,58976,89304
1816520,16633,25825
6080360,17137,10688
3968062,59417,88631
4660457,83797,71383
7010184,80284,29685
8828858,50502,44102
8297957,21954,96996
1487640,33250,71874
8440448,16453,65719
4619965,62541,82907
8420416,32797,47510
9879294,98095,43653
1463688,72786,29449
4287822,39875,94689
8037836,99573,97535
7473963,93951,58768
9067100,17067,92831
1345372,86037,71244
8047515,72822,54570
8363234,23910,74888
9963493,31089,40860
2663697,50961,25091
5585482,97233,71171
4713531,66514,98135
5911338,99341,16698
9752225,75598,32446
4183338,33053,45309
7835775,25091,23825
6449466,70630,19150
2679106,36101,55171
5468481,61492,91346
9770401,85043,92079
4574280,97233,74982
4701678,28117,50917
9138329,70278,55504
3415951,49285,41380
1387557,18470,25293
9028655,44439,83577
2362997,43682,75414
8245549,53180,61013
9125342,78354,70264
7045282,48359,27356
3402490,22979,40645
2423296,97233,18200
2327881,12049,67282
4003700,99118,80256
5801864,60310,77833
6472742,51282,34039
7905605,29594,54974
7465586,97469,85701
1182857,64140,82972
6252049,39540,20159
3407585,89468,62260
5659088,62129,12112
2408313,92778,85558
4179256,99972,90849
1868814,11436,98177
4061924,45774,46083
1548231,71244,49285
7256841,70613,51127
1995524,86822,40817
5126861,12854,39431
8871981,43529,75423
4571304,41837,37305
1709329,83325,21533
1913017,93748,45026
4418446,55788,52959
9124000,73774,73608
7365100,58941,15348
8442433,97469,37523
4588880,98177,98095
3109600,63539,87743
7175669,45026,10277
8009258,91766,23968
1604553,63217,71746
9672313,55947,98037
4809127,91713,93353
8218103,79720,71671
7982173,88346,53174
3592940,45026,73994
2912495,71244,44075
5239072,70609,65963
6894098,11011,53740
1686131,27490,21428
2408246,79224,94689
1980684,43529,88681
1371269,90352,11693
3317164,75016,32769
7165798,78440,60315
6695457,12061,94689
1801992,54460,85019
8693326,54820,61573
6887110,52606,53709
7886669,51459,10042
7879176,39379,73934
8079513,84255,32232
4572952,98095,27490
7725003,50426,21954
3617254,43350,80256
3648326,86037,20282
3642718,56110,29594
6307528,46266,48772
7567235,40824,19324
3067433,32769,56672
4224218,71874,89383
3040777,67065,40567
1774874,33104,23968
3687134,41850,34063
9444984,63072,45906
9379205,28523,85542
7713765,21177,31737
2501688,82045,34839
6916391,96277,36550
8228944,20683,38959
1385335,24601,19268
4219010,40860,44194
4225058,74675,79629
8515392,24444,68960
8851507,11964,84319
1364789,79629,95703
2074443,31336,11208
9633574,20683,75854
2836977,38760,46535
6769389,27281,56079
2333539,40402,49565
8923059,25356,23840
4317529,91139,35698
4041971,37535,20517
3911069,66723,79780
2837270,67065,25136
7309291,51032,14536
9687827,87595,81316
3958852,31346,60184
3232905,16633,12572
7960231,96994,14352
2823068,14391,54820
6025758,97233,71746
6669120,27356,40199
3609083,92761,97922
7672746,54570,99856
1230643,25579,52566
5729997,86967,37800
6208624,52965,88469
3425033,47510,40402
3681482,18173,64140
5691033,29677,87595
4178970,12325,71435
8764992,42606,73040
7824008,36505,56954
7812962,15265,79457
5419739,29449,16049
8474186,22185,99856
4518935,52959,83642
5409544,67065,69407
4006113,11579,75016
4940712,18652,65798
6332463,82045,69422
6564266,65777,36089
8852060,29594,45774
8973848,45865,90072
7470715,90731,83332
8693387,41837,42243
1641134,73040,31487
6828867,98869,52499
7453506,97182,16073
3869540,26324,74675
8665863,90731,21533
2595918,95652,95944
8872526,23910,62541
2086588,21187,62441
6023868,11208,31771
7318944,70153,85328
8347181,52606,75997
3911505,92079,93710
5785879,27490,56590
7622055,18557,24322
3801538,45351,52606
1305291,99972,74982
9014247,93500,65853
9541677,70153,55671
8201632,19724,81359
5786416,71435,41991
5218410,11336,55171
2750892,55840,23838
8260337,20586,17606
3166757,40817,53981
7966926,10622,25356
3437546,59229,23968
3590953,96023,11074
7584345,52467,79629
3770293,15011,84319
9322015,93951,12584
2912575,18315,87114
7417967,71435,29904
1257454,34652,49103
3026314,74569,47510
8185358,24152,43268
6914493,71022,34690
2687061,85542,55400
3905868,59417,29177
4152231,26414,53622
5718980,80827,86783
5453781,56672,45310
1227253,16308,85986
1914968,85358,51745
5551520,16073,59613
8171630,99118,80826
7670191,61127,90224
2845904,24265,53857
6573574,52546,21428
6137850,19591,96090
9920836,20282,75997
9988568,98606,44294
9533832,70635,85019
6882713,48628,82045
3593187,86037,50951
6193401,43682,16355
7016669,12584,75323
3280249,92519,12854
2400883,38065,94595
2684252,41837,62491
9078384,70153,32080
3510254,19421,33053
4508316,13757,99700
7261197,89723,52332
8521499,15200,61923
2933984,36089,24515
3932525,51745,33681
9055919,37400,59299
6892382,50657,53853
2910430,44408,70609
2850307,24374,91102
4533379,48772,46393
2085936,29314,10054
7367287,59229,95117
9672807,70803,26879
7269688,18315,67282
3815211,27356,37280
1447619,54426,45310
3547077,16161,80256
6462597,73233,77670
1109855,23910,43391
2275276,61013,65198
4673717,60315,16562
1980760,99560,41838
1998033,58737,12325
9983475,89629,55702
3493854,51542,98095
6587017,97535,44364
3271876,55504,22384
6264810,36702,70492
8024093,55947,54570
7970520,40441,97922
4188066,55504,40299
5774595,82676,66588
6515148,62793,55468
4916717,28457,38692
4063994,24152,40645
6900292,81341,64422
2322468,96762,21399
6111237,63035,52499
5493478,25221,95277
1093637,56954,53613
8324082,55377,68997
1916875,65963,16336
5527228,44364,68230
9963994,19686,32232
3698792,43268,15322
3189522,52729,15729
2429233,24601,91492
1862200,59229,36771
4038907,46713,60220
9558768,47325,70278
2722859,53857,25136
7670133,91422,89304
4737743,71244,63658
5002125,25221,37400
6566991,92639,85328
5498631,31143,63072
9998768,99758,64441
8918149,51127,51282
7862347,54974,81527
5477279,91492,27574
8387982,60640,14068
3892067,33647,92558
3386929,50966,40441
8111316,16475,89723
3723883,14787,94796
5477550,53853,50657
5561437,79224,48003
6625425,74569,22185
9611900,18200,19867
9685791,30773,19724
1166480,24340,96994
1080471,85800,22185
6622442,71383,96903
2966127,52999,76449
5955443,17907,63035
2098752,53414,71251
2095770,63217,32801
5495613,24543,16308
5596941,77833,45865
2374233,53700,28523
9456400,14741,81527
6465230,53981,57515
8706226,31844,96903
4274517,53740,92102
5019703,62260,30950
7285241,82972,45223
7850859,19724,95491
3980937,43268,89383
4052989,48336,86037
6673389,29177,31517
7104096,33250,82907
4917892,34690,67637
7270220,49907,94111
1111219,92558,36836
5518839,55166,74607
2716781,36095,30950
3670273,40824,50502
3511788,46393,99958
8350257,86967,64226
4394049,85635,98037
1532577,95635,76447
6011935,30604,46535
1271575,61688,54986
7765941,28880,19591
7110354,77099,95944
7511699,64286,51542
2467346,60779,50691
1318538,43391,96792
5425768,55923,35938
2492737,60640,32232
6765688,36550,18778
5919293,29228,15634
8026141,33681,86420
3066688,31372,11336
9457336,40011,64824
2046665,89239,73895
9787414,46393,54426
6940429,36112,10042
9764685,72329,47099
1811384,92778,32911
5419627,16161,75016
9871526,65719,75598
1709998,74338,95075
2234221,21533,29314
1923651,74626,11436
2681980,75423,30773
4176377,99560,49213
2767954,55011,72316
1079080,44291,89239
7228545,84457,43306
3853707,74626,53414
5879072,82676,15348
5090617,80827,79457
3086593,49122,98177
8493518,47931,71903
5385922,27281,74526
3897393,62532,99758
9308174,17711,88786
5004957,34970,19302
1224086,61923,97283
9361354,50617,34039
6536064,22185,56983
5833308,71671,68675
6076060,36523,57064
8882430,26288,71671
8304327,71085,82907
4675798,22384,81483
8539395,36505,46751
1650072,86822,58941
2277765,50502,91170
6956880,32446,20211
2589547,73895,87669
6273071,91346,37523
5211851,40891,82045
5401936,93710,99958
7540652,73040,53613
2396269,33811,74626
5107838,69422,95944
9562833,62541,75698
9149028,74048,80284
4116649,41837,26929
2370488,93951,16475
7951894,75541,95652
8241047,98074,72316
8354039,81341,97851
2620377,42802,64140
8239280,16639,21187
4572182,51127,19268
4434377,94331,45309
8603536,27169,92761
3802042,91102,19421
3411035,31737,72523
3081071,31143,15479
2065031,77655,46393
1694061,29594,42968
9409914,70676,79780
6968126,52804,99972
9021216,56343,16355
8743556,35119,12906
1612272,40817,26479
9642972,92778,15348
6056573,59299,94266
7964491,86783,42642
1189796,85558,84255
4447504,83196,33693
8758006,27964,50502
9742656,51282,63693
5791144,42214,47131
1261716,42642,18470
8985012,60184,14391
7444978,37262,38867
3041941,52467,98869
1155810,57940,82045
9567447,76447,84806
2266146,74310,62260
2700425,96624,59613
6788569,96994,17501
3901792,13323,25356
6292072,85986,31143
2268398,66635,55520
9329101,44133,64140
5470002,82045,69201
4428630,85328,98177
1281264,47099,14536
6137856,70613,23840
3081369,45310,52332
9761743,81073,43805
9554940,50966,94363
6534217,42606,97874
2030531,16475,52959
1732698,82676,44839
4155477,80827,95117
2129563,41118,43267
3461030,14741,24543
6134471,27146,88831
5528745,56590,75414
2221806,58941,17711
9647624,85635,81073
7600725,38867,11436
4883101,15195,79457
7198341,31245,70153
5588886,67054,71085
1410535,54250,38760
8107375,83548,99341
2454592,29677,54460
3609607,24374,54404
8573709,55377,55702
9789722,46083,29904
3263814,12061,30773
8364533,24444,43653
6143007,99173,34039
8303437,74048,86822
6854003,45026,99787
3213805,64703,43682
8217396,81316,57862
7380189,16073,91626
2966055,11693,49285
6315145,84319,55840
9785424,72523,38692
4484214,65583,90560
9269484,12906,44623
3726907,13323,41748
1834842,61492,44186
6334722,23651,15016
2990049,49413,90849
6636904,21177,75016
9240592,50612,90719
1431938,52499,80284
3865412,71040,70153
5915079,50092,56110
1861469,42606,24601
4218675,66963,35577
5625843,91713,95224
5370691,67928,34755
6595098,83196,68230
8816435,69201,54460
3864751,32910,38441
3989510,93748,29685
4588574,38065,66514
7973428,73040,14132
1567535,43682,57257
3463509,12906,63539
5106775,24001,19324
7372973,26348,49907
2881790,70153,74607
6644064,29177,94233
1175307,38737,69407
4357050,50617,96994
8912203,21972,53709
5315573,37083,61718
1775764,71671,93500
7752727,66782,29757
9834673,32446,23838
1733763,18664,77670
7322389,20282,79443
1208077,42606,14787
2725439,85986,24368
1752899,85328,50502
5417342,57940,20517
4797039,82664,69868
4853323,84041,80283
6999264,60779,40737
8833960,45309,50691
6273902,62389,35698
7840259,49851,45362
6738058,68675,34839
8381921,78793,52729
5065209,17005,51237
4399283,66426,65963
1348671,85338,54493
8519383,99124,64824
3856890,60184,28457
4797402,35698,70416
9597930,77845,19591
5615622,83035,69868
8184846,29449,47445
3835915,72382,45026
3822533,99958,90849
1432741,83548,53180
1539093,33647,21859
7562241,16073,77539
3331422,11208,23838
2401497,28523,93039
8679302,77655,73994
7209785,55671,83241
5770896,25356,16633
8619866,93500,64888
9175752,60814,36523
7855853,18520,24552
2049456,91170,28880
7015672,23910,63217
4727998,24780,83575
1700045,24374,71244
5290439,70278,50092
4600640,54426,11436
3722152,57257,42642
9773124,16562,65777
3938809,18557,30390
2565336,53853,48003
3543117,70635,91686
2861322,91330,90466
4039137,54426,36274
7486514,80113,55400
1875740,43653,86257
8873386,56668,39600
9010410,20977,96308
2889506,51035,19591
3033291,28373,40737
6825939,30194,36523
9749536,49413,85338
4326165,73805,93039
7663558,38021,56659
6161003,36702,29904
7415033,43988,96624
1838200,31625,71775
6776425,99597,75541
5892050,17531,92079
9601990,37535,21399
3024640,13757,81316
6590299,74526,85707
1639167,66144,71022
5155835,85981,41004
4051644,90849,77670
5454168,26292,32232
1072158,16639,67928
2041601,62441,22384
1039187,23199,19268
8287715,37532,72523
9636813,64587,31143
2984430,63304,98934
3733881,99700,31625
6827846,87743,91330
4673599,54986,47325
4769207,91492,96994
8956052,60030,58040
2042642,91766,19268
4198199,44294,10481
4796058,24322,80826
8376026,95652,67282
1524089,61127,19023
5938488,23893,77712
4686100,45865,47887
4904633,16792,35577
8591353,55166,27490
9472619,45774,34063
7882580,51035,43391
9526818,34652,13323
9375344,18664,90352
2220547,60640,33283
6694828,59486,71775
9730976,53414,59835
1668129,19268,56668
2414619,71085,70045
7543255,41850,80314
9534704,97899,43805
6757940,70361,38576
4604396,89239,11262
6632115,19724,72382
4525002,42802,65719
2038372,36112,37211
4880879,24001,52965
6278277,54460,30604
3338983,16049,14391
8135667,98934,85635
5792447,44194,90731
9035654,79224,55520
2395157,32446,46713
8141245,40860,32080
3729748,43267,92079
7677288,44133,54404
2625581,97103,35698
7495481,16453,40817
7638591,63706,35119
1004757,29677,60779
1992553,52804,19302
2979442,19724,59486
2707788,74338,80826
2877373,70514,49122
2450286,31660,36771
9087587,93081,45310
1009639,50612,20159
5266863,15322,79780
4789968,98037,86959
1200309,84910,16355
4125164,76449,12572
8596097,68835,91686
5433727,71040,45865
2412627,62532,16073
2862909,71244,71383
4216215,24374,75323
8360078,70613,23199
9919543,11964,69960
9512037,40567,58941
8897466,37535,10042
3533077,74888,69407
6189470,77207,45865
8822203,96903,32635
4617801,18720,93039
5019096,68230,45309
5955643,99685,22227
2334379,96994,12572
1218618,36627,75323
9942158,91686,60698
3271712,76115,27146
7901768,53622,64703
8614472,22137,37305
9057312,98516,81483
1947301,14536,62441
3046822,87770,88569
2745785,49565,58456
5280948,19930,49213
8794973,49565,16453
1613145,60315,29550
6081336,28117,44839
4260197,53613,15200
3540595,65719,53174
5201752,41490,64623
5341440,60030,49862
9422270,82907,33250
2962092,22227,10277
9998959,83196,63693
7668803,62129,12584
1712851,45865,80113
6762497,87114,83193
6667602,66426,10278
2159711,63035,31737
5802637,45774,11336
8917738,31771,54820
5274231,48241,79629
1545622,87216,67288
8922594,99972,71775
7324560,75016,84910
6411239,10732,52965
4954446,33534,27490
2307830,34039,50612
4731762,99118,69613
9889750,34063,24265
4848650,34165,88028
1975742,37800,55520
5593513,49664,94796
2008922,98606,36101
4434499,27146,64140
8714034,90285,24001
1954357,48772,20683
7459171,95652,44186
9701159,86959,62389
6155345,61718,91492
6224851,89468,85043
5679741,98037,73040
7599911,48697,96277
7923229,46083,50966
9089690,64824,36112
5240888,25252,18652
1404187,21972,24515
1076825,43268,31346
4674851,46476,48791
5449920,27964,61923
9733121,19686,24780
3976626,57994,87743
8315323,60184,86959
6953273,75997,53700
6523449,63658,96624
7739269,50092,81919
5905099,42214,72329
5350676,61668,19471
1850578,96622,82676
9966337,56079,52729
4512177,53175,85338
1994249,82410,24515
2648821,45865,91442
1493874,61668,95703
9577585,88552,35577
3416776,23968,89383
2184271,65583,74675
5088722,52546,24340
6959988,23838,83797
3329218,33591,95639
5919556,60035,15705
4041400,55671,95407
8412430,48241,88552
1822185,93951,80204
3622115,10517,55702
1553874,47931,88914
6182490,75598,92778
8917619,54426,42642
8071726,21859,99958
5323766,18470,71085
5533661,26292,47099
5958394,75491,95703
2716859,50691,45906
6694322,23910,30008
6148931,30245,83367
5014505,88569,96665
1175602,66782,62793
5813316,33681,93353
7667176,61923,42243
9605184,49625,18520
9563623,94796,24368
4167452,35698,63217
6820477,32080,91422
1118046,19867,91431
5733434,56079,85019
8629622,99341,64438
2791649,99700,75414
5098061,25091,17067
1935895,78793,15195
7124513,24444,25825
6426394,95703,21269
4163554,86257,13361
9348167,88975,17525
6768240,55671,37523
8360546,42968,36836
6957284,71775,20683
8928382,12854,91686
2763298,59613,77617
1582906,73724,16562
3841719,39672,10688
2790867,46393,29594
2397780,52729,15322
8489819,21177,82972
6636699,24001,51237
4548847,32419,96996
9775445,36274,91887
9662539,98891,46083
4195634,40441,16453
3563375,21108,15479
4440458,57862,74338
1138393,24340,29228
7060522,16336,95407
9518282,62387,39875
3921224,20282,38994
5558461,88414,50961
3553132,82951,36086
5974555,59835,43253
6595523,80006,54250
6533366,90466,50657
4566531,40817,70416
5577636,87669,63035
4465002,67388,16562
1662797,99700,97182
6622022,77670,89304
3317931,60030,29449
4620554,36505,10010
5429913,33747,80283
3578294,53700,67388
9926819,70045,15871
8024628,31771,63304
6223502,16161,42214
5903727,64990,56079
8784391,19867,91713
8194219,79780,45309
9361979,67021,44388
4780996,58456,53857
8755525,19295,60310
2799080,22137,97182
7700611,29685,47548
2109263,97922,16355
4266268,86967,50426
4269426,67328,61718
2826528,52852,95075
6710559,44388,16562
8242412,52499,61492
8864089,84335,63539
2796608,74048,87114
9902802,96903,86967
2289847,61492,51127
3434569,61492,71568
2114764,90224,68847
5911663,31245,46393
6035558,75854,59486
8806745,74338,45774
2170540,80256,99597
2080374,95117,87669
3163861,56343,66144
2252898,59229,85043
8662376,56668,34690
3384931,67021,75541
6315945,55520,49285
6176283,99787,78137
3429838,49626,78637
2107852,66635,79637
7096325,58941,83325
5156365,91626,83325
3446954,91686,63217
1072851,44294,43988
4070004,91887,25293
4524068,53853,31245
7068780,13022,89723
8053982,14706,29449
7920811,85707,17137
9136941,50100,33283
9220773,19930,78637
3494647,69492,71775
3773422,19591,97851
5174726,41850,49003
9469399,71435,24752
6582177,52959,21399
9568010,48359,36627
6889812,26929,24601
8529546,83575,70045
6005614,36089,91422
8946943,99856,36550
5451242,39875,83196
1454653,42396,88552
1947325,44388,18664
6358515,36702,71874
1891167,38760,84806
1008661,71874,68230
3180671,51459,56659
1284354,71383,89321
1487130,88681,63217
5695652,70264,65777
4193817,75854,33685
7453768,26414,49036
4929903,45310,61013
6678506,65798,55457
1756334,46713,89239
4898071,55166,54570
9030890,98934,81316
9351454,50189,66426
1771584,10688,88631
5880447,53853,71071
8148375,57064,88914
8182583,56668,75149
9707410,67928,15729
1209235,82664,36101
8681566,72329,33693
9107049,81483,49213
8509243,63304,93039
2715637,14068,65798
3507618,52852,42214
4553201,27964,43805
6929998,63658,19591
3915482,67637,82045
2478556,70803,60220
1037785,17606,31143
4858163,73895,56983
8106907,57940,24001
9507628,41748,29757
3380311,16161,26288
4012228,28117,12325
7132140,86420,47131
3466575,23285,96090
4541161,25570,49625
3239156,51282,19867
8931476,80314,31372
8895919,17067,89015
9965583,25252,57325
1607697,31336,25136
5576422,27146,74487
3025057,44364,72822
8900627,48772,19591
9023999,78354,98135
3899992,29550,31720
2892215,69422,64438
9264140,57515,63693
7381069,85060,75414
4938835,83367,13757
9888163,98891,14068
8689407,44294,11436
9113787,56983,68960
5226052,89383,62491
7518777,56668,11436
5158480,44074,85701
5490445,21859,53175
6959978,90177,52804
2663413,75670,26324
8297181,11074,45026
4280096,36708,72382
7039816,49625,12061
9187226,71251,52965
8426329,84319,96090
1479013,73608,23049
7398351,96996,60315
3936144,30245,85542
8970502,40737,50092
5811134,49907,70584
8212065,47325,49413
1223934,55504,31143
9512270,58225,16049
5395929,91713,18520
2223353,11336,73994
4504348,40645,55788
5063466,15200,88786
6496836,89723,33685
9907369,39379,24265
6334169,72382,94638
7011561,40891,10042
4086012,23049,91431
7773835,66635,35938
7298184,27964,24156
7615570,19150,47931
7777764,41991,93951
1811575,67288,19421
6971399,66723,64140
4561463,67328,47099
5091591,50491,71040
5088542,96308,88935
2660003,49565,96023
4807993,18720,25825
5024952,37523,16336
5642922,44291,23707
2300902,72475,22659
8684152,31346,44102
1290404,92778,64703
6722208,97922,45395
7221067,60698,19686
4976585,99156,37400
7099589,43350,61688
2719941,51282,25825
8386829,89383,23910
8365617,40402,41748
8725469,33811,50435
8694820,21177,16475
8656489,92079,93227
7421356,60035,31245
2982182,61013,97283
2070923,48241,66729
8494817,34970,74607
1556885,64703,48057
8619485,41380,65719
4238422,14706,12572
6195054,87167,30950
5516820,15634,21187
9244295,27964,24374
3611650,66635,47548
7771781,40891,23199
9916715,15016,13361
6955496,80826,25252
9872222,17501,81073
4386952,91887,97535
1385304,83548,70278
4066672,86037,73934
6430276,16073,73040
7036277,71874,85060
9244282,67021,60921
7647986,64226,24322
8045131,50491,43391
4951226,44291,71746
8688135,18173,57994
2170347,31720,17711
4648764,15011,50426
4406564,47510,24780
2990828,66963,31737
5036281,90177,49036
9466130,64824,23049
5010461,52852,84725
9459981,96334,95635
2239163,11957,83577
1928703,89468,95075
4753660,72475,60779
9344624,78288,98095
3369343,69960,97233
1017922,31477,21428
6438518,42745,19295
6206020,38095,17907
5495501,61492,96277
5944737,97900,32797
7152528,22185,52804
7302192,22659,25356
8689548,42745,54426
1651301,77853,71040
7741183,28117,77655
2377295,40299,71244
2092320,67282,59613
6093050,10622,84461
1703659,38760,44294
8585360,63072,21859
3698023,68960,18520
3002496,51945,33944
4203329,93227,99124
8000593,50612,25221
5887327,82272,12906
6624696,37535,51127
6496691,46266,25136
3306138,35577,26324
4843433,35938,82045
1971126,47099,83652
9562149,10054,98095
1557728,66782,93500
6495765,23825,32481
7650185,51127,68960
2303591,58283,93748
4541338,36550,40402
6662404,17005,71071
5804415,47445,11292
8502713,69492,54493
8712996,50901,81073
1344768,11262,69492
7714226,38576,32419
2405906,26341,83952
5081425,91626,89629
8690069,53622,72957
7860481,55166,96008
3678757,96879,18270
5635947,71040,98869
2464403,74607,25570
1874403,87216,98135
8255799,97039,74888
1294656,91492,74310
4611912,15634,29757
1947064,55947,89383
6573422,97851,42968
8219638,19930,78387
1414705,40817,38760
5991905,34755,17295
8601688,18200,19150
1983228,71171,38021
6915339,90352,45906
2117196,11436,74526
1154643,16355,52965
8991333,90200,85558
7528823,97283,24374
8306828,52606,21177
4436164,71903,37262
2120232,67021,26479
3531056,59613,17295
3911732,80053,94266
4072873,30614,81527
9097029,79476,97922
2279274,38867,24780
1223226,83732,71022
2112506,85019,12584
7109696,67928,19471
2169326,66426,41380
4853606,76447,31720
5240584,41380,99341
8319120,70153,38021
3906313,44408,98934
9781522,43529,83367
5394650,63035,63217
6232081,80826,29903
4577450,67928,90200
2568494,17295,41838
5315702,15729,30390
1121010,83325,70676
8294271,29594,68591
3803731,21859,29414
4628542,56343,95117
3737755,40891,83577
2747580,34039,94331
5270506,67928,50502
9334625,99597,23840
9407151,52341,96792
3974010,13361,64824
2041527,93353,25570
5733519,61573,41748
2372079,29414,81527
8228037,38867,89304
7513578,24780,99573
8508816,67637,72475
8333550,51542,95075
5382287,90560,31143
1479396,45310,23707
9372226,91686,57325
4115264,40299,80283
9700666,57862,71874
2953256,54460,72822
